{
    "support": {
        "-1": 0.1823017408123791,
        "0": 0.4134429400386847,
        "1": 0.40425531914893614
    },
    "hinder": {
        "-1": 0.10855263157894737,
        "1": 0.5263157894736842,
        "2": 0.3651315789473684,
        "3": 0.0
    },
    "direction": {
        "-1": 0.13247863247863248,
        "1": 0.27008547008547007,
        "2": 0.3188034188034188,
        "3": 0.147008547008547,
        "4": 0.13162393162393163
    },
    "hole": {
        "-1": 0.1383219954648526,
        "2": 0.3424036281179138,
        "3": 0.30385487528344673,
        "4": 0.0,
        "5": 0.21541950113378686
    },
    "fill": {
        "-1": 0.16111111111111112,
        "3": 0.6111111111111112,
        "5": 0.0,
        "6": 0.22777777777777777
    },
    "seesaw": {
        "-1": 1.0,
        "4": 0.0,
        "5": 0.0
    },
    "angle": {
        "-1": 0.2009132420091324,
        "1": 0.0684931506849315,
        "2": 0.0776255707762557,
        "4": 0.2100456621004566,
        "5": 0.4429223744292237
    },
    "impulse": {
        "-1": 0.18628571428571428,
        "2": 0.6514285714285715,
        "3": 0.16228571428571428
    },
    "pendulum": {
        "-1": 0.16209476309226933,
        "4": 0.8379052369077307,
        "5": 0.0
    },
    "spring": {
        "-1": 0.4640102827763496,
        "4": 0.5359897172236504,
        "5": 0.0
    }
}